date,total_orders,dayofweek,quarter,month,year,dayofyear,dayofmonth,weekofyear,events
2017-01-05,32,3,1,1,2017,5,5,1,
2017-01-06,4,4,1,1,2017,6,6,1,
2017-01-07,4,5,1,1,2017,7,7,1,
2017-01-08,6,6,1,1,2017,8,8,1,
2017-01-09,5,0,1,1,2017,9,9,2,
2017-01-10,6,1,1,1,2017,10,10,2,
2017-01-11,10,2,1,1,2017,11,11,2,
2017-01-12,13,3,1,1,2017,12,12,2,
2017-01-13,11,4,1,1,2017,13,13,2,
2017-01-14,18,5,1,1,2017,14,14,2,
2017-01-15,14,6,1,1,2017,15,15,2,
2017-01-16,19,0,1,1,2017,16,16,3,
2017-01-17,32,1,1,1,2017,17,17,3,
2017-01-18,31,2,1,1,2017,18,18,3,
2017-01-19,29,3,1,1,2017,19,19,3,
2017-01-20,28,4,1,1,2017,20,20,3,
2017-01-21,24,5,1,1,2017,21,21,3,
2017-01-22,30,6,1,1,2017,22,22,3,
2017-01-23,38,0,1,1,2017,23,23,4,
2017-01-24,39,1,1,1,2017,24,24,4,
2017-01-25,59,2,1,1,2017,25,25,4,
2017-01-26,84,3,1,1,2017,26,26,4,
2017-01-27,61,4,1,1,2017,27,27,4,
2017-01-28,29,5,1,1,2017,28,28,4,
2017-01-29,35,6,1,1,2017,29,29,4,
2017-01-30,51,0,1,1,2017,30,30,5,
2017-01-31,66,1,1,1,2017,31,31,5,
2017-02-01,63,2,1,2,2017,32,1,5,
2017-02-02,68,3,1,2,2017,33,2,5,
2017-02-03,54,4,1,2,2017,34,3,5,
2017-02-04,66,5,1,2,2017,35,4,5,
2017-02-05,74,6,1,2,2017,36,5,5,
2017-02-06,79,0,1,2,2017,37,6,6,
2017-02-07,109,1,1,2,2017,38,7,6,
2017-02-08,89,2,1,2,2017,39,8,6,
2017-02-09,76,3,1,2,2017,40,9,6,
2017-02-10,64,4,1,2,2017,41,10,6,
2017-02-11,45,5,1,2,2017,42,11,6,
2017-02-12,61,6,1,2,2017,43,12,6,
2017-02-13,74,0,1,2,2017,44,13,7,
2017-02-14,69,1,1,2,2017,45,14,7,
2017-02-15,59,2,1,2,2017,46,15,7,
2017-02-16,49,3,1,2,2017,47,16,7,
2017-02-17,45,4,1,2,2017,48,17,7,
2017-02-18,52,5,1,2,2017,49,18,7,
2017-02-19,37,6,1,2,2017,50,19,7,
2017-02-20,60,0,1,2,2017,51,20,8,
2017-02-21,41,1,1,2,2017,52,21,8,
2017-02-22,56,2,1,2,2017,53,22,8,
2017-02-23,58,3,1,2,2017,54,23,8,
2017-02-24,61,4,1,2,2017,55,24,8,
2017-02-25,39,5,1,2,2017,56,25,8,
2017-02-26,43,6,1,2,2017,57,26,8,
2017-02-27,41,0,1,2,2017,58,27,9,
2017-02-28,53,1,1,2,2017,59,28,9,
2017-03-01,94,2,1,3,2017,60,1,9,
2017-03-02,66,3,1,3,2017,61,2,9,
2017-03-03,72,4,1,3,2017,62,3,9,
2017-03-04,73,5,1,3,2017,63,4,9,
2017-03-05,69,6,1,3,2017,64,5,9,
2017-03-06,98,0,1,3,2017,65,6,10,
2017-03-07,79,1,1,3,2017,66,7,10,
2017-03-08,75,2,1,3,2017,67,8,10,
2017-03-09,91,3,1,3,2017,68,9,10,
2017-03-10,86,4,1,3,2017,69,10,10,
2017-03-11,70,5,1,3,2017,70,11,10,
2017-03-12,63,6,1,3,2017,71,12,10,
2017-03-13,106,0,1,3,2017,72,13,11,
2017-03-14,96,1,1,3,2017,73,14,11,
2017-03-15,105,2,1,3,2017,74,15,11,
2017-03-16,101,3,1,3,2017,75,16,11,
2017-03-17,65,4,1,3,2017,76,17,11,
2017-03-18,73,5,1,3,2017,77,18,11,
2017-03-19,56,6,1,3,2017,78,19,11,
2017-03-20,114,0,1,3,2017,79,20,12,
2017-03-21,92,1,1,3,2017,80,21,12,
2017-03-22,105,2,1,3,2017,81,22,12,
2017-03-23,110,3,1,3,2017,82,23,12,
2017-03-24,76,4,1,3,2017,83,24,12,
2017-03-25,73,5,1,3,2017,84,25,12,
2017-03-26,64,6,1,3,2017,85,26,12,
2017-03-27,109,0,1,3,2017,86,27,13,
2017-03-28,99,1,1,3,2017,87,28,13,
2017-03-29,73,2,1,3,2017,88,29,13,
2017-03-30,72,3,1,3,2017,89,30,13,
2017-03-31,69,4,1,3,2017,90,31,13,
2017-04-01,67,5,2,4,2017,91,1,13,
2017-04-02,65,6,2,4,2017,92,2,13,
2017-04-03,71,0,2,4,2017,93,3,14,
2017-04-04,96,1,2,4,2017,94,4,14,
2017-04-05,96,2,2,4,2017,95,5,14,
2017-04-06,93,3,2,4,2017,96,6,14,
2017-04-07,83,4,2,4,2017,97,7,14,
2017-04-08,65,5,2,4,2017,98,8,14,
2017-04-09,71,6,2,4,2017,99,9,14,
2017-04-10,86,0,2,4,2017,100,10,15,
2017-04-11,76,1,2,4,2017,101,11,15,
2017-04-12,62,2,2,4,2017,102,12,15,
2017-04-13,60,3,2,4,2017,103,13,15,
2017-04-14,51,4,2,4,2017,104,14,15,Sexta-feira Santa
2017-04-15,51,5,2,4,2017,105,15,15,
2017-04-16,49,6,2,4,2017,106,16,15,
2017-04-17,64,0,2,4,2017,107,17,16,
2017-04-18,71,1,2,4,2017,108,18,16,
2017-04-19,97,2,2,4,2017,109,19,16,
2017-04-20,96,3,2,4,2017,110,20,16,
2017-04-21,67,4,2,4,2017,111,21,16,Tiradentes
2017-04-22,83,5,2,4,2017,112,22,16,
2017-04-23,85,6,2,4,2017,113,23,16,
2017-04-24,113,0,2,4,2017,114,24,17,
2017-04-25,110,1,2,4,2017,115,25,17,
2017-04-26,123,2,2,4,2017,116,26,17,
2017-04-27,78,3,2,4,2017,117,27,17,
2017-04-28,97,4,2,4,2017,118,28,17,
2017-04-29,73,5,2,4,2017,119,29,17,
2017-04-30,67,6,2,4,2017,120,30,17,
2017-05-01,115,0,2,5,2017,121,1,18,Dia do Trabalhador
2017-05-02,125,1,2,5,2017,122,2,18,
2017-05-03,102,2,2,5,2017,123,3,18,
2017-05-04,107,3,2,5,2017,124,4,18,
2017-05-05,108,4,2,5,2017,125,5,18,
2017-05-06,106,5,2,5,2017,126,6,18,
2017-05-07,106,6,2,5,2017,127,7,18,
2017-05-08,122,0,2,5,2017,128,8,19,
2017-05-09,122,1,2,5,2017,129,9,19,
2017-05-10,114,2,2,5,2017,130,10,19,
2017-05-11,126,3,2,5,2017,131,11,19,
2017-05-12,110,4,2,5,2017,132,12,19,
2017-05-13,72,5,2,5,2017,133,13,19,
2017-05-14,110,6,2,5,2017,134,14,19,
2017-05-15,152,0,2,5,2017,135,15,20,
2017-05-16,150,1,2,5,2017,136,16,20,
2017-05-17,140,2,2,5,2017,137,17,20,
2017-05-18,125,3,2,5,2017,138,18,20,
2017-05-19,141,4,2,5,2017,139,19,20,
2017-05-20,71,5,2,5,2017,140,20,20,
2017-05-21,147,6,2,5,2017,141,21,20,
2017-05-22,146,0,2,5,2017,142,22,21,
2017-05-23,122,1,2,5,2017,143,23,21,
2017-05-24,141,2,2,5,2017,144,24,21,
2017-05-25,104,3,2,5,2017,145,25,21,
2017-05-26,78,4,2,5,2017,146,26,21,
2017-05-27,78,5,2,5,2017,147,27,21,
2017-05-28,98,6,2,5,2017,148,28,21,
2017-05-29,157,0,2,5,2017,149,29,22,
2017-05-30,99,1,2,5,2017,150,30,22,
2017-05-31,123,2,2,5,2017,151,31,22,
2017-06-01,123,3,2,6,2017,152,1,22,
2017-06-02,125,4,2,6,2017,153,2,22,
2017-06-03,88,5,2,6,2017,154,3,22,
2017-06-04,101,6,2,6,2017,155,4,22,
2017-06-05,144,0,2,6,2017,156,5,23,
2017-06-06,132,1,2,6,2017,157,6,23,
2017-06-07,124,2,2,6,2017,158,7,23,
2017-06-08,137,3,2,6,2017,159,8,23,
2017-06-09,106,4,2,6,2017,160,9,23,
2017-06-10,76,5,2,6,2017,161,10,23,
2017-06-11,112,6,2,6,2017,162,11,23,
2017-06-12,125,0,2,6,2017,163,12,24,
2017-06-13,123,1,2,6,2017,164,13,24,
2017-06-14,130,2,2,6,2017,165,14,24,
2017-06-15,105,3,2,6,2017,166,15,24,
2017-06-16,95,4,2,6,2017,167,16,24,
2017-06-17,72,5,2,6,2017,168,17,24,
2017-06-18,88,6,2,6,2017,169,18,24,
2017-06-19,155,0,2,6,2017,170,19,25,
2017-06-20,92,1,2,6,2017,171,20,25,
2017-06-21,35,2,2,6,2017,172,21,25,
2017-06-22,86,3,2,6,2017,173,22,25,
2017-06-23,106,4,2,6,2017,174,23,25,
2017-06-24,76,5,2,6,2017,175,24,25,
2017-06-25,104,6,2,6,2017,176,25,25,
2017-06-26,71,0,2,6,2017,177,26,26,
2017-06-27,140,1,2,6,2017,178,27,26,
2017-06-28,119,2,2,6,2017,179,28,26,
2017-06-29,110,3,2,6,2017,180,29,26,
2017-06-30,93,4,2,6,2017,181,30,26,
2017-07-01,80,5,3,7,2017,182,1,26,
2017-07-02,104,6,3,7,2017,183,2,26,
2017-07-03,116,0,3,7,2017,184,3,27,
2017-07-04,123,1,3,7,2017,185,4,27,
2017-07-05,138,2,3,7,2017,186,5,27,
2017-07-06,147,3,3,7,2017,187,6,27,
2017-07-07,116,4,3,7,2017,188,7,27,
2017-07-08,83,5,3,7,2017,189,8,27,
2017-07-09,88,6,3,7,2017,190,9,27,
2017-07-10,140,0,3,7,2017,191,10,28,
2017-07-11,161,1,3,7,2017,192,11,28,
2017-07-12,147,2,3,7,2017,193,12,28,
2017-07-13,136,3,3,7,2017,194,13,28,
2017-07-14,149,4,3,7,2017,195,14,28,
2017-07-15,98,5,3,7,2017,196,15,28,
2017-07-16,111,6,3,7,2017,197,16,28,
2017-07-17,163,0,3,7,2017,198,17,29,
2017-07-18,190,1,3,7,2017,199,18,29,
2017-07-19,149,2,3,7,2017,200,19,29,
2017-07-20,140,3,3,7,2017,201,20,29,
2017-07-21,112,4,3,7,2017,202,21,29,
2017-07-22,87,5,3,7,2017,203,22,29,
2017-07-23,104,6,3,7,2017,204,23,29,
2017-07-24,157,0,3,7,2017,205,24,30,
2017-07-25,148,1,3,7,2017,206,25,30,
2017-07-26,120,2,3,7,2017,207,26,30,
2017-07-27,122,3,3,7,2017,208,27,30,
2017-07-28,132,4,3,7,2017,209,28,30,
2017-07-29,112,5,3,7,2017,210,29,30,
2017-07-30,117,6,3,7,2017,211,30,30,
2017-07-31,145,0,3,7,2017,212,31,31,
2017-08-01,164,1,3,8,2017,213,1,31,
2017-08-02,151,2,3,8,2017,214,2,31,
2017-08-03,145,3,3,8,2017,215,3,31,
2017-08-04,140,4,3,8,2017,216,4,31,
2017-08-05,114,5,3,8,2017,217,5,31,
2017-08-06,105,6,3,8,2017,218,6,31,
2017-08-07,157,0,3,8,2017,219,7,32,
2017-08-08,146,1,3,8,2017,220,8,32,
2017-08-09,141,2,3,8,2017,221,9,32,
2017-08-10,154,3,3,8,2017,222,10,32,
2017-08-11,135,4,3,8,2017,223,11,32,
2017-08-12,93,5,3,8,2017,224,12,32,
2017-08-13,91,6,3,8,2017,225,13,32,
2017-08-14,154,0,3,8,2017,226,14,33,
2017-08-15,192,1,3,8,2017,227,15,33,
2017-08-16,169,2,3,8,2017,228,16,33,
2017-08-17,154,3,3,8,2017,229,17,33,
2017-08-18,146,4,3,8,2017,230,18,33,
2017-08-19,107,5,3,8,2017,231,19,33,
2017-08-20,103,6,3,8,2017,232,20,33,
2017-08-21,176,0,3,8,2017,233,21,34,
2017-08-22,136,1,3,8,2017,234,22,34,
2017-08-23,111,2,3,8,2017,235,23,34,
2017-08-24,126,3,3,8,2017,236,24,34,
2017-08-25,120,4,3,8,2017,237,25,34,
2017-08-26,93,5,3,8,2017,238,26,34,
2017-08-27,117,6,3,8,2017,239,27,34,
2017-08-28,154,0,3,8,2017,240,28,35,
2017-08-29,135,1,3,8,2017,241,29,35,
2017-08-30,177,2,3,8,2017,242,30,35,
2017-08-31,148,3,3,8,2017,243,31,35,
2017-09-01,156,4,3,9,2017,244,1,35,
2017-09-02,104,5,3,9,2017,245,2,35,
2017-09-03,123,6,3,9,2017,246,3,35,
2017-09-04,148,0,3,9,2017,247,4,36,
2017-09-05,153,1,3,9,2017,248,5,36,
2017-09-06,139,2,3,9,2017,249,6,36,
2017-09-07,97,3,3,9,2017,250,7,36,Independência do Brasil
2017-09-08,113,4,3,9,2017,251,8,36,
2017-09-09,106,5,3,9,2017,252,9,36,
2017-09-10,134,6,3,9,2017,253,10,36,
2017-09-11,177,0,3,9,2017,254,11,37,
2017-09-12,203,1,3,9,2017,255,12,37,
2017-09-13,204,2,3,9,2017,256,13,37,
2017-09-14,164,3,3,9,2017,257,14,37,
2017-09-15,147,4,3,9,2017,258,15,37,
2017-09-16,127,5,3,9,2017,259,16,37,
2017-09-17,125,6,3,9,2017,260,17,37,
2017-09-18,182,0,3,9,2017,261,18,38,
2017-09-19,150,1,3,9,2017,262,19,38,
2017-09-20,158,2,3,9,2017,263,20,38,
2017-09-21,148,3,3,9,2017,264,21,38,
2017-09-22,134,4,3,9,2017,265,22,38,
2017-09-23,83,5,3,9,2017,266,23,38,
2017-09-24,112,6,3,9,2017,267,24,38,
2017-09-25,132,0,3,9,2017,268,25,39,
2017-09-26,178,1,3,9,2017,269,26,39,
2017-09-27,144,2,3,9,2017,270,27,39,
2017-09-28,141,3,3,9,2017,271,28,39,
2017-09-29,115,4,3,9,2017,272,29,39,
2017-09-30,108,5,3,9,2017,273,30,39,
2017-10-01,125,6,4,10,2017,274,1,39,
2017-10-02,142,0,4,10,2017,275,2,40,
2017-10-03,198,1,4,10,2017,276,3,40,
2017-10-04,157,2,4,10,2017,277,4,40,
2017-10-05,139,3,4,10,2017,278,5,40,
2017-10-06,125,4,4,10,2017,279,6,40,
2017-10-07,101,5,4,10,2017,280,7,40,
2017-10-08,124,6,4,10,2017,281,8,40,
2017-10-09,188,0,4,10,2017,282,9,41,
2017-10-10,177,1,4,10,2017,283,10,41,
2017-10-11,154,2,4,10,2017,284,11,41,
2017-10-12,137,3,4,10,2017,285,12,41,Nossa Senhora Aparecida
2017-10-13,150,4,4,10,2017,286,13,41,
2017-10-14,115,5,4,10,2017,287,14,41,
2017-10-15,117,6,4,10,2017,288,15,41,
2017-10-16,191,0,4,10,2017,289,16,42,
2017-10-17,196,1,4,10,2017,290,17,42,
2017-10-18,176,2,4,10,2017,291,18,42,
2017-10-19,174,3,4,10,2017,292,19,42,
2017-10-20,119,4,4,10,2017,293,20,42,
2017-10-21,108,5,4,10,2017,294,21,42,
2017-10-22,156,6,4,10,2017,295,22,42,
2017-10-23,156,0,4,10,2017,296,23,43,
2017-10-24,163,1,4,10,2017,297,24,43,
2017-10-25,154,2,4,10,2017,298,25,43,
2017-10-26,142,3,4,10,2017,299,26,43,
2017-10-27,131,4,4,10,2017,300,27,43,
2017-10-28,86,5,4,10,2017,301,28,43,
2017-10-29,129,6,4,10,2017,302,29,43,
2017-10-30,140,0,4,10,2017,303,30,44,
2017-10-31,157,1,4,10,2017,304,31,44,
2017-11-01,109,2,4,11,2017,305,1,44,
2017-11-02,119,3,4,11,2017,306,2,44,Finados
2017-11-03,138,4,4,11,2017,307,3,44,
2017-11-04,110,5,4,11,2017,308,4,44,
2017-11-05,139,6,4,11,2017,309,5,44,
2017-11-06,184,0,4,11,2017,310,6,45,
2017-11-07,155,1,4,11,2017,311,7,45,
2017-11-08,172,2,4,11,2017,312,8,45,
2017-11-09,186,3,4,11,2017,313,9,45,
2017-11-10,162,4,4,11,2017,314,10,45,
2017-11-11,154,5,4,11,2017,315,11,45,
2017-11-12,171,6,4,11,2017,316,12,45,
2017-11-13,199,0,4,11,2017,317,13,46,
2017-11-14,185,1,4,11,2017,318,14,46,
2017-11-15,181,2,4,11,2017,319,15,46,Proclamação da República
2017-11-16,224,3,4,11,2017,320,16,46,
2017-11-17,188,4,4,11,2017,321,17,46,
2017-11-18,145,5,4,11,2017,322,18,46,
2017-11-19,158,6,4,11,2017,323,19,46,
2017-11-20,223,0,4,11,2017,324,20,47,
2017-11-21,223,1,4,11,2017,325,21,47,
2017-11-22,197,2,4,11,2017,326,22,47,
2017-11-23,275,3,4,11,2017,327,23,47,
2017-11-24,1163,4,4,11,2017,328,24,47,black friday
2017-11-25,495,5,4,11,2017,329,25,47,
2017-11-26,386,6,4,11,2017,330,26,47,
2017-11-27,399,0,4,11,2017,331,27,48,
2017-11-28,375,1,4,11,2017,332,28,48,
2017-11-29,318,2,4,11,2017,333,29,48,
2017-11-30,263,3,4,11,2017,334,30,48,
2017-12-01,273,4,4,12,2017,335,1,48,
2017-12-02,213,5,4,12,2017,336,2,48,
2017-12-03,230,6,4,12,2017,337,3,48,
2017-12-04,326,0,4,12,2017,338,4,49,
2017-12-05,275,1,4,12,2017,339,5,49,
2017-12-06,273,2,4,12,2017,340,6,49,
2017-12-07,225,3,4,12,2017,341,7,49,
2017-12-08,214,4,4,12,2017,342,8,49,
2017-12-09,155,5,4,12,2017,343,9,49,
2017-12-10,186,6,4,12,2017,344,10,49,
2017-12-11,265,0,4,12,2017,345,11,50,
2017-12-12,256,1,4,12,2017,346,12,50,
2017-12-13,217,2,4,12,2017,347,13,50,
2017-12-14,199,3,4,12,2017,348,14,50,
2017-12-15,189,4,4,12,2017,349,15,50,
2017-12-16,130,5,4,12,2017,350,16,50,
2017-12-17,132,6,4,12,2017,351,17,50,
2017-12-18,208,0,4,12,2017,352,18,51,
2017-12-19,174,1,4,12,2017,353,19,51,
2017-12-20,169,2,4,12,2017,354,20,51,
2017-12-21,142,3,4,12,2017,355,21,51,
2017-12-22,109,4,4,12,2017,356,22,51,
2017-12-23,102,5,4,12,2017,357,23,51,
2017-12-24,57,6,4,12,2017,358,24,51,
2017-12-25,89,0,4,12,2017,359,25,52,Natal
2017-12-26,165,1,4,12,2017,360,26,52,
2017-12-27,166,2,4,12,2017,361,27,52,
2017-12-28,143,3,4,12,2017,362,28,52,
2017-12-29,132,4,4,12,2017,363,29,52,
2017-12-30,96,5,4,12,2017,364,30,52,
2017-12-31,73,6,4,12,2017,365,31,52,
2018-01-01,72,0,1,1,2018,1,1,1,Confraternização Universal
2018-01-02,203,1,1,1,2018,2,2,1,
2018-01-03,220,2,1,1,2018,3,3,1,
2018-01-04,251,3,1,1,2018,4,4,1,
2018-01-05,202,4,1,1,2018,5,5,1,
2018-01-06,215,5,1,1,2018,6,6,1,
2018-01-07,195,6,1,1,2018,7,7,1,
2018-01-08,292,0,1,1,2018,8,8,2,
2018-01-09,250,1,1,1,2018,9,9,2,
2018-01-10,276,2,1,1,2018,10,10,2,
2018-01-11,262,3,1,1,2018,11,11,2,
2018-01-12,239,4,1,1,2018,12,12,2,
2018-01-13,215,5,1,1,2018,13,13,2,
2018-01-14,230,6,1,1,2018,14,14,2,
2018-01-15,302,0,1,1,2018,15,15,3,
2018-01-16,301,1,1,1,2018,16,16,3,
2018-01-17,281,2,1,1,2018,17,17,3,
2018-01-18,238,3,1,1,2018,18,18,3,
2018-01-19,230,4,1,1,2018,19,19,3,
2018-01-20,183,5,1,1,2018,20,20,3,
2018-01-21,193,6,1,1,2018,21,21,3,
2018-01-22,307,0,1,1,2018,22,22,4,
2018-01-23,260,1,1,1,2018,23,23,4,
2018-01-24,239,2,1,1,2018,24,24,4,
2018-01-25,230,3,1,1,2018,25,25,4,
2018-01-26,225,4,1,1,2018,26,26,4,
2018-01-27,150,5,1,1,2018,27,27,4,
2018-01-28,152,6,1,1,2018,28,28,4,
2018-01-29,242,0,1,1,2018,29,29,5,
2018-01-30,251,1,1,1,2018,30,30,5,
2018-01-31,252,2,1,1,2018,31,31,5,
2018-02-01,228,3,1,2,2018,32,1,5,
2018-02-02,208,4,1,2,2018,33,2,5,
2018-02-03,190,5,1,2,2018,34,3,5,
2018-02-04,198,6,1,2,2018,35,4,5,
2018-02-05,266,0,1,2,2018,36,5,6,
2018-02-06,266,1,1,2,2018,37,6,6,
2018-02-07,243,2,1,2,2018,38,7,6,
2018-02-08,225,3,1,2,2018,39,8,6,
2018-02-09,208,4,1,2,2018,40,9,6,
2018-02-10,174,5,1,2,2018,41,10,6,
2018-02-11,168,6,1,2,2018,42,11,6,
2018-02-12,214,0,1,2,2018,43,12,7,
2018-02-13,219,1,1,2,2018,44,13,7,
2018-02-14,290,2,1,2,2018,45,14,7,
2018-02-15,276,3,1,2,2018,46,15,7,
2018-02-16,211,4,1,2,2018,47,16,7,
2018-02-17,199,5,1,2,2018,48,17,7,
2018-02-18,200,6,1,2,2018,49,18,7,
2018-02-19,255,0,1,2,2018,50,19,8,
2018-02-20,285,1,1,2,2018,51,20,8,
2018-02-21,261,2,1,2,2018,52,21,8,
2018-02-22,274,3,1,2,2018,53,22,8,
2018-02-23,235,4,1,2,2018,54,23,8,
2018-02-24,189,5,1,2,2018,55,24,8,
2018-02-25,236,6,1,2,2018,56,25,8,
2018-02-26,293,0,1,2,2018,57,26,9,
2018-02-27,296,1,1,2,2018,58,27,9,
2018-02-28,311,2,1,2,2018,59,28,9,
2018-03-01,272,3,1,3,2018,60,1,9,
2018-03-02,265,4,1,3,2018,61,2,9,
2018-03-03,209,5,1,3,2018,62,3,9,
2018-03-04,235,6,1,3,2018,63,4,9,
2018-03-05,258,0,1,3,2018,64,5,10,
2018-03-06,271,1,1,3,2018,65,6,10,
2018-03-07,258,2,1,3,2018,66,7,10,
2018-03-08,233,3,1,3,2018,67,8,10,
2018-03-09,203,4,1,3,2018,68,9,10,
2018-03-10,191,5,1,3,2018,69,10,10,
2018-03-11,218,6,1,3,2018,70,11,10,
2018-03-12,231,0,1,3,2018,71,12,11,
2018-03-13,225,1,1,3,2018,72,13,11,
2018-03-14,198,2,1,3,2018,73,14,11,
2018-03-15,285,3,1,3,2018,74,15,11,
2018-03-16,250,4,1,3,2018,75,16,11,
2018-03-17,180,5,1,3,2018,76,17,11,
2018-03-18,215,6,1,3,2018,77,18,11,
2018-03-19,301,0,1,3,2018,78,19,12,
2018-03-20,295,1,1,3,2018,79,20,12,
2018-03-21,284,2,1,3,2018,80,21,12,
2018-03-22,254,3,1,3,2018,81,22,12,
2018-03-23,217,4,1,3,2018,82,23,12,
2018-03-24,165,5,1,3,2018,83,24,12,
2018-03-25,190,6,1,3,2018,84,25,12,
2018-03-26,270,0,1,3,2018,85,26,13,
2018-03-27,244,1,1,3,2018,86,27,13,
2018-03-28,218,2,1,3,2018,87,28,13,
2018-03-29,193,3,1,3,2018,88,29,13,
2018-03-30,164,4,1,3,2018,89,30,13,Sexta-feira Santa
2018-03-31,167,5,1,3,2018,90,31,13,
2018-04-01,207,6,2,4,2018,91,1,13,
2018-04-02,279,0,2,4,2018,92,2,14,
2018-04-03,246,1,2,4,2018,93,3,14,
2018-04-04,257,2,2,4,2018,94,4,14,
2018-04-05,266,3,2,4,2018,95,5,14,
2018-04-06,188,4,2,4,2018,96,6,14,
2018-04-07,164,5,2,4,2018,97,7,14,
2018-04-08,185,6,2,4,2018,98,8,14,
2018-04-09,253,0,2,4,2018,99,9,15,
2018-04-10,201,1,2,4,2018,100,10,15,
2018-04-11,272,2,2,4,2018,101,11,15,
2018-04-12,255,3,2,4,2018,102,12,15,
2018-04-13,198,4,2,4,2018,103,13,15,
2018-04-14,146,5,2,4,2018,104,14,15,
2018-04-15,222,6,2,4,2018,105,15,15,
2018-04-16,279,0,2,4,2018,106,16,16,
2018-04-17,264,1,2,4,2018,107,17,16,
2018-04-18,280,2,2,4,2018,108,18,16,
2018-04-19,290,3,2,4,2018,109,19,16,
2018-04-20,195,4,2,4,2018,110,20,16,
2018-04-21,156,5,2,4,2018,111,21,16,Tiradentes
2018-04-22,200,6,2,4,2018,112,22,16,
2018-04-23,285,0,2,4,2018,113,23,17,
2018-04-24,270,1,2,4,2018,114,24,17,
2018-04-25,283,2,2,4,2018,115,25,17,
2018-04-26,253,3,2,4,2018,116,26,17,
2018-04-27,241,4,2,4,2018,117,27,17,
2018-04-28,168,5,2,4,2018,118,28,17,
2018-04-29,170,6,2,4,2018,119,29,17,
2018-04-30,238,0,2,4,2018,120,30,18,
2018-05-01,254,1,2,5,2018,121,1,18,Dia do Trabalhador
2018-05-02,295,2,2,5,2018,122,2,18,
2018-05-03,304,3,2,5,2018,123,3,18,
2018-05-04,265,4,2,5,2018,124,4,18,
2018-05-05,193,5,2,5,2018,125,5,18,
2018-05-06,209,6,2,5,2018,126,6,18,
2018-05-07,367,0,2,5,2018,127,7,19,
2018-05-08,326,1,2,5,2018,128,8,19,
2018-05-09,341,2,2,5,2018,129,9,19,
2018-05-10,278,3,2,5,2018,130,10,19,
2018-05-11,246,4,2,5,2018,131,11,19,
2018-05-12,204,5,2,5,2018,132,12,19,
2018-05-13,206,6,2,5,2018,133,13,19,
2018-05-14,363,0,2,5,2018,134,14,20,
2018-05-15,350,1,2,5,2018,135,15,20,
2018-05-16,356,2,2,5,2018,136,16,20,
2018-05-17,226,3,2,5,2018,137,17,20,
2018-05-18,236,4,2,5,2018,138,18,20,
2018-05-19,138,5,2,5,2018,139,19,20,
2018-05-20,160,6,2,5,2018,140,20,20,
2018-05-21,201,0,2,5,2018,141,21,21,
2018-05-22,197,1,2,5,2018,142,22,21,
2018-05-23,132,2,2,5,2018,143,23,21,
2018-05-24,114,3,2,5,2018,144,24,21,
2018-05-25,103,4,2,5,2018,145,25,21,
2018-05-26,99,5,2,5,2018,146,26,21,
2018-05-27,100,6,2,5,2018,147,27,21,
2018-05-28,142,0,2,5,2018,148,28,22,
2018-05-29,149,1,2,5,2018,149,29,22,
2018-05-30,140,2,2,5,2018,150,30,22,
2018-05-31,133,3,2,5,2018,151,31,22,
2018-06-01,184,4,2,6,2018,152,1,22,
2018-06-02,142,5,2,6,2018,153,2,22,
2018-06-03,191,6,2,6,2018,154,3,22,
2018-06-04,225,0,2,6,2018,155,4,23,
2018-06-05,197,1,2,6,2018,156,5,23,
2018-06-06,227,2,2,6,2018,157,6,23,
2018-06-07,223,3,2,6,2018,158,7,23,
2018-06-08,198,4,2,6,2018,159,8,23,
2018-06-09,172,5,2,6,2018,160,9,23,
2018-06-10,191,6,2,6,2018,161,10,23,
2018-06-11,294,0,2,6,2018,162,11,24,
2018-06-12,246,1,2,6,2018,163,12,24,
2018-06-13,258,2,2,6,2018,164,13,24,
2018-06-14,212,3,2,6,2018,165,14,24,
2018-06-15,185,4,2,6,2018,166,15,24,
2018-06-16,165,5,2,6,2018,167,16,24,
2018-06-17,152,6,2,6,2018,168,17,24,
2018-06-18,245,0,2,6,2018,169,18,25,
2018-06-19,229,1,2,6,2018,170,19,25,
2018-06-20,216,2,2,6,2018,171,20,25,
2018-06-21,234,3,2,6,2018,172,21,25,
2018-06-22,179,4,2,6,2018,173,22,25,
2018-06-23,150,5,2,6,2018,174,23,25,
2018-06-24,198,6,2,6,2018,175,24,25,
2018-06-25,239,0,2,6,2018,176,25,26,
2018-06-26,240,1,2,6,2018,177,26,26,
2018-06-27,214,2,2,6,2018,178,27,26,
2018-06-28,242,3,2,6,2018,179,28,26,
2018-06-29,173,4,2,6,2018,180,29,26,
2018-06-30,124,5,2,6,2018,181,30,26,
2018-07-01,161,6,3,7,2018,182,1,26,
2018-07-02,193,0,3,7,2018,183,2,27,
2018-07-03,215,1,3,7,2018,184,3,27,
2018-07-04,254,2,3,7,2018,185,4,27,
2018-07-05,194,3,3,7,2018,186,5,27,
2018-07-06,121,4,3,7,2018,187,6,27,
2018-07-07,91,5,3,7,2018,188,7,27,
2018-07-08,120,6,3,7,2018,189,8,27,
2018-07-09,148,0,3,7,2018,190,9,28,
2018-07-10,132,1,3,7,2018,191,10,28,
2018-07-11,126,2,3,7,2018,192,11,28,
2018-07-12,118,3,3,7,2018,193,12,28,
2018-07-13,167,4,3,7,2018,194,13,28,
2018-07-14,146,5,3,7,2018,195,14,28,
2018-07-15,151,6,3,7,2018,196,15,28,
2018-07-16,243,0,3,7,2018,197,16,29,
2018-07-17,219,1,3,7,2018,198,17,29,
2018-07-18,305,2,3,7,2018,199,18,29,
2018-07-19,253,3,3,7,2018,200,19,29,
2018-07-20,247,4,3,7,2018,201,20,29,
2018-07-21,185,5,3,7,2018,202,21,29,
2018-07-22,214,6,3,7,2018,203,22,29,
2018-07-23,303,0,3,7,2018,204,23,30,
2018-07-24,270,1,3,7,2018,205,24,30,
2018-07-25,267,2,3,7,2018,206,25,30,
2018-07-26,245,3,3,7,2018,207,26,30,
2018-07-27,189,4,3,7,2018,208,27,30,
2018-07-28,175,5,3,7,2018,209,28,30,
2018-07-29,184,6,3,7,2018,210,29,30,
2018-07-30,280,0,3,7,2018,211,30,31,
2018-07-31,316,1,3,7,2018,212,31,31,
2018-08-01,308,2,3,8,2018,213,1,31,
2018-08-02,298,3,3,8,2018,214,2,31,
2018-08-03,312,4,3,8,2018,215,3,31,
2018-08-04,242,5,3,8,2018,216,4,31,
2018-08-05,274,6,3,8,2018,217,5,31,
2018-08-06,368,0,3,8,2018,218,6,32,
2018-08-07,361,1,3,8,2018,219,7,32,
2018-08-08,314,2,3,8,2018,220,8,32,
2018-08-09,283,3,3,8,2018,221,9,32,
2018-08-10,252,4,3,8,2018,222,10,32,
2018-08-11,186,5,3,8,2018,223,11,32,
2018-08-12,197,6,3,8,2018,224,12,32,
2018-08-13,287,0,3,8,2018,225,13,33,
2018-08-14,312,1,3,8,2018,226,14,33,
2018-08-15,283,2,3,8,2018,227,15,33,
2018-08-16,316,3,3,8,2018,228,16,33,
2018-08-17,254,4,3,8,2018,229,17,33,
2018-08-18,196,5,3,8,2018,230,18,33,
2018-08-19,204,6,3,8,2018,231,19,33,
